{
    "SectionItem": [{
            "sectionTitle": "RECENT",
            "sectionCount": 0,
            "menuItems": [{
                    "title": "Calls",
                    "count": 0
                },
                {
                    "title": "Messages",
                    "count": 0
                },
                {
                    "title": "Topics",
                    "count": 1
                },
                {
                    "title": "Groups",
                    "count": 0
                },
                {
                    "title": "Meetings",
                    "count": 0
                }
            ],
            "isOpened": true
        },
        {
            "sectionTitle": "TEAMS",
            "sectionCount": 0,
            "menuItems": [],
            "isOpened": false
        },
        {
            "sectionTitle": "GROUPS",
            "sectionCount": 0,
            "menuItems": [],
            "isOpened": false
        },
        {
            "sectionTitle": "CALENDAR",
            "sectionCount": 0,
            "menuItems": [],
            "isOpened": false
        },
        {
            "sectionTitle": "MY NETWORK",
            "sectionCount": 19,
            "menuItems": [],
            "isOpened": false
        },
        {
            "sectionTitle": "INVITE CONTACTS",
            "sectionCount": 0,
            "menuItems": [],
            "isOpened": false
        }
    ]
}
